"CsvFileName","PeriodEnding","CSVRawURL","CSVPageURL","DateLastModifiedUTC","FileNumber","NeedsUpdating","Source_Type"
"01-22-2020.csv","01-22-2020","https://raw.githubusercontent.com/CSSEGISandData/COVID-19/master/csse_covid_19_data/csse_covid_19_daily_reports/01-22-2020.csv","https://github.com/CSSEGISandData/COVID-19/tree/master/csse_covid_19_data/csse_covid_19_daily_reports01-22-2020.csv","2020-01-22T00:00:00Z","0","False","csse_covid_19_daily_reports"
"01-23-2020.csv","01-23-2020","https://raw.githubusercontent.com/CSSEGISandData/COVID-19/master/csse_covid_19_data/csse_covid_19_daily_reports/01-23-2020.csv","https://github.com/CSSEGISandData/COVID-19/tree/master/csse_covid_19_data/csse_covid_19_daily_reports01-23-2020.csv","2020-01-23T00:00:00Z","1","False","csse_covid_19_daily_reports"
"01-24-2020.csv","01-24-2020","https://raw.githubusercontent.com/CSSEGISandData/COVID-19/master/csse_covid_19_data/csse_covid_19_daily_reports/01-24-2020.csv","https://github.com/CSSEGISandData/COVID-19/tree/master/csse_covid_19_data/csse_covid_19_daily_reports01-24-2020.csv","2020-01-24T00:00:00Z","2","False","csse_covid_19_daily_reports"
"01-25-2020.csv","01-25-2020","https://raw.githubusercontent.com/CSSEGISandData/COVID-19/master/csse_covid_19_data/csse_covid_19_daily_reports/01-25-2020.csv","https://github.com/CSSEGISandData/COVID-19/tree/master/csse_covid_19_data/csse_covid_19_daily_reports01-25-2020.csv","2020-01-25T00:00:00Z","3","False","csse_covid_19_daily_reports"
"01-26-2020.csv","01-26-2020","https://raw.githubusercontent.com/CSSEGISandData/COVID-19/master/csse_covid_19_data/csse_covid_19_daily_reports/01-26-2020.csv","https://github.com/CSSEGISandData/COVID-19/tree/master/csse_covid_19_data/csse_covid_19_daily_reports01-26-2020.csv","2020-01-26T00:00:00Z","4","False","csse_covid_19_daily_reports"
"01-27-2020.csv","01-27-2020","https://raw.githubusercontent.com/CSSEGISandData/COVID-19/master/csse_covid_19_data/csse_covid_19_daily_reports/01-27-2020.csv","https://github.com/CSSEGISandData/COVID-19/tree/master/csse_covid_19_data/csse_covid_19_daily_reports01-27-2020.csv","2020-01-27T00:00:00Z","5","False","csse_covid_19_daily_reports"
"01-28-2020.csv","01-28-2020","https://raw.githubusercontent.com/CSSEGISandData/COVID-19/master/csse_covid_19_data/csse_covid_19_daily_reports/01-28-2020.csv","https://github.com/CSSEGISandData/COVID-19/tree/master/csse_covid_19_data/csse_covid_19_daily_reports01-28-2020.csv","2020-01-28T00:00:00Z","6","False","csse_covid_19_daily_reports"
"01-29-2020.csv","01-29-2020","https://raw.githubusercontent.com/CSSEGISandData/COVID-19/master/csse_covid_19_data/csse_covid_19_daily_reports/01-29-2020.csv","https://github.com/CSSEGISandData/COVID-19/tree/master/csse_covid_19_data/csse_covid_19_daily_reports01-29-2020.csv","2020-01-29T00:00:00Z","7","False","csse_covid_19_daily_reports"
"01-30-2020.csv","01-30-2020","https://raw.githubusercontent.com/CSSEGISandData/COVID-19/master/csse_covid_19_data/csse_covid_19_daily_reports/01-30-2020.csv","https://github.com/CSSEGISandData/COVID-19/tree/master/csse_covid_19_data/csse_covid_19_daily_reports01-30-2020.csv","2020-01-30T00:00:00Z","8","False","csse_covid_19_daily_reports"
"01-31-2020.csv","01-31-2020","https://raw.githubusercontent.com/CSSEGISandData/COVID-19/master/csse_covid_19_data/csse_covid_19_daily_reports/01-31-2020.csv","https://github.com/CSSEGISandData/COVID-19/tree/master/csse_covid_19_data/csse_covid_19_daily_reports01-31-2020.csv","2020-01-31T00:00:00Z","9","False","csse_covid_19_daily_reports"
"02-01-2020.csv","02-01-2020","https://raw.githubusercontent.com/CSSEGISandData/COVID-19/master/csse_covid_19_data/csse_covid_19_daily_reports/02-01-2020.csv","https://github.com/CSSEGISandData/COVID-19/tree/master/csse_covid_19_data/csse_covid_19_daily_reports02-01-2020.csv","2020-02-01T00:00:00Z","10","False","csse_covid_19_daily_reports"
"02-02-2020.csv","02-02-2020","https://raw.githubusercontent.com/CSSEGISandData/COVID-19/master/csse_covid_19_data/csse_covid_19_daily_reports/02-02-2020.csv","https://github.com/CSSEGISandData/COVID-19/tree/master/csse_covid_19_data/csse_covid_19_daily_reports02-02-2020.csv","2020-02-02T00:00:00Z","11","False","csse_covid_19_daily_reports"
"02-03-2020.csv","02-03-2020","https://raw.githubusercontent.com/CSSEGISandData/COVID-19/master/csse_covid_19_data/csse_covid_19_daily_reports/02-03-2020.csv","https://github.com/CSSEGISandData/COVID-19/tree/master/csse_covid_19_data/csse_covid_19_daily_reports02-03-2020.csv","2020-02-03T00:00:00Z","12","False","csse_covid_19_daily_reports"
"02-04-2020.csv","02-04-2020","https://raw.githubusercontent.com/CSSEGISandData/COVID-19/master/csse_covid_19_data/csse_covid_19_daily_reports/02-04-2020.csv","https://github.com/CSSEGISandData/COVID-19/tree/master/csse_covid_19_data/csse_covid_19_daily_reports02-04-2020.csv","2020-02-04T00:00:00Z","13","False","csse_covid_19_daily_reports"
"02-05-2020.csv","02-05-2020","https://raw.githubusercontent.com/CSSEGISandData/COVID-19/master/csse_covid_19_data/csse_covid_19_daily_reports/02-05-2020.csv","https://github.com/CSSEGISandData/COVID-19/tree/master/csse_covid_19_data/csse_covid_19_daily_reports02-05-2020.csv","2020-02-05T00:00:00Z","14","False","csse_covid_19_daily_reports"
"02-06-2020.csv","02-06-2020","https://raw.githubusercontent.com/CSSEGISandData/COVID-19/master/csse_covid_19_data/csse_covid_19_daily_reports/02-06-2020.csv","https://github.com/CSSEGISandData/COVID-19/tree/master/csse_covid_19_data/csse_covid_19_daily_reports02-06-2020.csv","2020-02-06T00:00:00Z","15","False","csse_covid_19_daily_reports"
"02-07-2020.csv","02-07-2020","https://raw.githubusercontent.com/CSSEGISandData/COVID-19/master/csse_covid_19_data/csse_covid_19_daily_reports/02-07-2020.csv","https://github.com/CSSEGISandData/COVID-19/tree/master/csse_covid_19_data/csse_covid_19_daily_reports02-07-2020.csv","2020-02-07T00:00:00Z","16","False","csse_covid_19_daily_reports"
"02-08-2020.csv","02-08-2020","https://raw.githubusercontent.com/CSSEGISandData/COVID-19/master/csse_covid_19_data/csse_covid_19_daily_reports/02-08-2020.csv","https://github.com/CSSEGISandData/COVID-19/tree/master/csse_covid_19_data/csse_covid_19_daily_reports02-08-2020.csv","2020-02-08T00:00:00Z","17","False","csse_covid_19_daily_reports"
"02-09-2020.csv","02-09-2020","https://raw.githubusercontent.com/CSSEGISandData/COVID-19/master/csse_covid_19_data/csse_covid_19_daily_reports/02-09-2020.csv","https://github.com/CSSEGISandData/COVID-19/tree/master/csse_covid_19_data/csse_covid_19_daily_reports02-09-2020.csv","2020-02-09T00:00:00Z","18","False","csse_covid_19_daily_reports"
"02-10-2020.csv","02-10-2020","https://raw.githubusercontent.com/CSSEGISandData/COVID-19/master/csse_covid_19_data/csse_covid_19_daily_reports/02-10-2020.csv","https://github.com/CSSEGISandData/COVID-19/tree/master/csse_covid_19_data/csse_covid_19_daily_reports02-10-2020.csv","2020-02-10T00:00:00Z","19","False","csse_covid_19_daily_reports"
"02-11-2020.csv","02-11-2020","https://raw.githubusercontent.com/CSSEGISandData/COVID-19/master/csse_covid_19_data/csse_covid_19_daily_reports/02-11-2020.csv","https://github.com/CSSEGISandData/COVID-19/tree/master/csse_covid_19_data/csse_covid_19_daily_reports02-11-2020.csv","2020-02-11T00:00:00Z","20","False","csse_covid_19_daily_reports"
"02-12-2020.csv","02-12-2020","https://raw.githubusercontent.com/CSSEGISandData/COVID-19/master/csse_covid_19_data/csse_covid_19_daily_reports/02-12-2020.csv","https://github.com/CSSEGISandData/COVID-19/tree/master/csse_covid_19_data/csse_covid_19_daily_reports02-12-2020.csv","2020-02-12T00:00:00Z","21","False","csse_covid_19_daily_reports"
"02-13-2020.csv","02-13-2020","https://raw.githubusercontent.com/CSSEGISandData/COVID-19/master/csse_covid_19_data/csse_covid_19_daily_reports/02-13-2020.csv","https://github.com/CSSEGISandData/COVID-19/tree/master/csse_covid_19_data/csse_covid_19_daily_reports02-13-2020.csv","2020-02-13T00:00:00Z","22","False","csse_covid_19_daily_reports"
"02-14-2020.csv","02-14-2020","https://raw.githubusercontent.com/CSSEGISandData/COVID-19/master/csse_covid_19_data/csse_covid_19_daily_reports/02-14-2020.csv","https://github.com/CSSEGISandData/COVID-19/tree/master/csse_covid_19_data/csse_covid_19_daily_reports02-14-2020.csv","2020-02-14T00:00:00Z","23","False","csse_covid_19_daily_reports"
"02-15-2020.csv","02-15-2020","https://raw.githubusercontent.com/CSSEGISandData/COVID-19/master/csse_covid_19_data/csse_covid_19_daily_reports/02-15-2020.csv","https://github.com/CSSEGISandData/COVID-19/tree/master/csse_covid_19_data/csse_covid_19_daily_reports02-15-2020.csv","2020-02-15T00:00:00Z","24","False","csse_covid_19_daily_reports"
"02-16-2020.csv","02-16-2020","https://raw.githubusercontent.com/CSSEGISandData/COVID-19/master/csse_covid_19_data/csse_covid_19_daily_reports/02-16-2020.csv","https://github.com/CSSEGISandData/COVID-19/tree/master/csse_covid_19_data/csse_covid_19_daily_reports02-16-2020.csv","2020-02-16T00:00:00Z","25","False","csse_covid_19_daily_reports"
"02-17-2020.csv","02-17-2020","https://raw.githubusercontent.com/CSSEGISandData/COVID-19/master/csse_covid_19_data/csse_covid_19_daily_reports/02-17-2020.csv","https://github.com/CSSEGISandData/COVID-19/tree/master/csse_covid_19_data/csse_covid_19_daily_reports02-17-2020.csv","2020-02-17T00:00:00Z","26","False","csse_covid_19_daily_reports"
"02-18-2020.csv","02-18-2020","https://raw.githubusercontent.com/CSSEGISandData/COVID-19/master/csse_covid_19_data/csse_covid_19_daily_reports/02-18-2020.csv","https://github.com/CSSEGISandData/COVID-19/tree/master/csse_covid_19_data/csse_covid_19_daily_reports02-18-2020.csv","2020-02-18T00:00:00Z","27","False","csse_covid_19_daily_reports"
"02-19-2020.csv","02-19-2020","https://raw.githubusercontent.com/CSSEGISandData/COVID-19/master/csse_covid_19_data/csse_covid_19_daily_reports/02-19-2020.csv","https://github.com/CSSEGISandData/COVID-19/tree/master/csse_covid_19_data/csse_covid_19_daily_reports02-19-2020.csv","2020-02-19T00:00:00Z","28","False","csse_covid_19_daily_reports"
"02-20-2020.csv","02-20-2020","https://raw.githubusercontent.com/CSSEGISandData/COVID-19/master/csse_covid_19_data/csse_covid_19_daily_reports/02-20-2020.csv","https://github.com/CSSEGISandData/COVID-19/tree/master/csse_covid_19_data/csse_covid_19_daily_reports02-20-2020.csv","2020-02-20T00:00:00Z","29","False","csse_covid_19_daily_reports"
"02-21-2020.csv","02-21-2020","https://raw.githubusercontent.com/CSSEGISandData/COVID-19/master/csse_covid_19_data/csse_covid_19_daily_reports/02-21-2020.csv","https://github.com/CSSEGISandData/COVID-19/tree/master/csse_covid_19_data/csse_covid_19_daily_reports02-21-2020.csv","2020-02-21T00:00:00Z","30","False","csse_covid_19_daily_reports"
"02-22-2020.csv","02-22-2020","https://raw.githubusercontent.com/CSSEGISandData/COVID-19/master/csse_covid_19_data/csse_covid_19_daily_reports/02-22-2020.csv","https://github.com/CSSEGISandData/COVID-19/tree/master/csse_covid_19_data/csse_covid_19_daily_reports02-22-2020.csv","2020-02-22T00:00:00Z","31","False","csse_covid_19_daily_reports"
"02-23-2020.csv","02-23-2020","https://raw.githubusercontent.com/CSSEGISandData/COVID-19/master/csse_covid_19_data/csse_covid_19_daily_reports/02-23-2020.csv","https://github.com/CSSEGISandData/COVID-19/tree/master/csse_covid_19_data/csse_covid_19_daily_reports02-23-2020.csv","2020-02-23T00:00:00Z","32","False","csse_covid_19_daily_reports"
"02-24-2020.csv","02-24-2020","https://raw.githubusercontent.com/CSSEGISandData/COVID-19/master/csse_covid_19_data/csse_covid_19_daily_reports/02-24-2020.csv","https://github.com/CSSEGISandData/COVID-19/tree/master/csse_covid_19_data/csse_covid_19_daily_reports02-24-2020.csv","2020-02-24T00:00:00Z","33","False","csse_covid_19_daily_reports"
"02-25-2020.csv","02-25-2020","https://raw.githubusercontent.com/CSSEGISandData/COVID-19/master/csse_covid_19_data/csse_covid_19_daily_reports/02-25-2020.csv","https://github.com/CSSEGISandData/COVID-19/tree/master/csse_covid_19_data/csse_covid_19_daily_reports02-25-2020.csv","2020-02-25T00:00:00Z","34","False","csse_covid_19_daily_reports"
"02-26-2020.csv","02-26-2020","https://raw.githubusercontent.com/CSSEGISandData/COVID-19/master/csse_covid_19_data/csse_covid_19_daily_reports/02-26-2020.csv","https://github.com/CSSEGISandData/COVID-19/tree/master/csse_covid_19_data/csse_covid_19_daily_reports02-26-2020.csv","2020-02-26T00:00:00Z","35","False","csse_covid_19_daily_reports"
"02-27-2020.csv","02-27-2020","https://raw.githubusercontent.com/CSSEGISandData/COVID-19/master/csse_covid_19_data/csse_covid_19_daily_reports/02-27-2020.csv","https://github.com/CSSEGISandData/COVID-19/tree/master/csse_covid_19_data/csse_covid_19_daily_reports02-27-2020.csv","2020-02-27T00:00:00Z","36","False","csse_covid_19_daily_reports"
"02-28-2020.csv","02-28-2020","https://raw.githubusercontent.com/CSSEGISandData/COVID-19/master/csse_covid_19_data/csse_covid_19_daily_reports/02-28-2020.csv","https://github.com/CSSEGISandData/COVID-19/tree/master/csse_covid_19_data/csse_covid_19_daily_reports02-28-2020.csv","2020-02-28T00:00:00Z","37","False","csse_covid_19_daily_reports"
"02-29-2020.csv","02-29-2020","https://raw.githubusercontent.com/CSSEGISandData/COVID-19/master/csse_covid_19_data/csse_covid_19_daily_reports/02-29-2020.csv","https://github.com/CSSEGISandData/COVID-19/tree/master/csse_covid_19_data/csse_covid_19_daily_reports02-29-2020.csv","2020-02-29T00:00:00Z","38","False","csse_covid_19_daily_reports"
"03-01-2020.csv","03-01-2020","https://raw.githubusercontent.com/CSSEGISandData/COVID-19/master/csse_covid_19_data/csse_covid_19_daily_reports/03-01-2020.csv","https://github.com/CSSEGISandData/COVID-19/tree/master/csse_covid_19_data/csse_covid_19_daily_reports03-01-2020.csv","2020-03-01T00:00:00Z","39","False","csse_covid_19_daily_reports"
"03-02-2020.csv","03-02-2020","https://raw.githubusercontent.com/CSSEGISandData/COVID-19/master/csse_covid_19_data/csse_covid_19_daily_reports/03-02-2020.csv","https://github.com/CSSEGISandData/COVID-19/tree/master/csse_covid_19_data/csse_covid_19_daily_reports03-02-2020.csv","2020-03-02T00:00:00Z","40","False","csse_covid_19_daily_reports"
"03-03-2020.csv","03-03-2020","https://raw.githubusercontent.com/CSSEGISandData/COVID-19/master/csse_covid_19_data/csse_covid_19_daily_reports/03-03-2020.csv","https://github.com/CSSEGISandData/COVID-19/tree/master/csse_covid_19_data/csse_covid_19_daily_reports03-03-2020.csv","2020-03-03T00:00:00Z","41","False","csse_covid_19_daily_reports"
"03-04-2020.csv","03-04-2020","https://raw.githubusercontent.com/CSSEGISandData/COVID-19/master/csse_covid_19_data/csse_covid_19_daily_reports/03-04-2020.csv","https://github.com/CSSEGISandData/COVID-19/tree/master/csse_covid_19_data/csse_covid_19_daily_reports03-04-2020.csv","2020-03-04T00:00:00Z","42","False","csse_covid_19_daily_reports"
"03-05-2020.csv","03-05-2020","https://raw.githubusercontent.com/CSSEGISandData/COVID-19/master/csse_covid_19_data/csse_covid_19_daily_reports/03-05-2020.csv","https://github.com/CSSEGISandData/COVID-19/tree/master/csse_covid_19_data/csse_covid_19_daily_reports03-05-2020.csv","2020-03-05T00:00:00Z","43","False","csse_covid_19_daily_reports"
"03-06-2020.csv","03-06-2020","https://raw.githubusercontent.com/CSSEGISandData/COVID-19/master/csse_covid_19_data/csse_covid_19_daily_reports/03-06-2020.csv","https://github.com/CSSEGISandData/COVID-19/tree/master/csse_covid_19_data/csse_covid_19_daily_reports03-06-2020.csv","2020-03-06T00:00:00Z","44","False","csse_covid_19_daily_reports"
"03-07-2020.csv","03-07-2020","https://raw.githubusercontent.com/CSSEGISandData/COVID-19/master/csse_covid_19_data/csse_covid_19_daily_reports/03-07-2020.csv","https://github.com/CSSEGISandData/COVID-19/tree/master/csse_covid_19_data/csse_covid_19_daily_reports03-07-2020.csv","2020-03-07T00:00:00Z","45","False","csse_covid_19_daily_reports"
"03-08-2020.csv","03-08-2020","https://raw.githubusercontent.com/CSSEGISandData/COVID-19/master/csse_covid_19_data/csse_covid_19_daily_reports/03-08-2020.csv","https://github.com/CSSEGISandData/COVID-19/tree/master/csse_covid_19_data/csse_covid_19_daily_reports03-08-2020.csv","2020-03-08T00:00:00Z","46","False","csse_covid_19_daily_reports"
"03-09-2020.csv","03-09-2020","https://raw.githubusercontent.com/CSSEGISandData/COVID-19/master/csse_covid_19_data/csse_covid_19_daily_reports/03-09-2020.csv","https://github.com/CSSEGISandData/COVID-19/tree/master/csse_covid_19_data/csse_covid_19_daily_reports03-09-2020.csv","2020-03-09T00:00:00Z","47","False","csse_covid_19_daily_reports"
"03-10-2020.csv","03-10-2020","https://raw.githubusercontent.com/CSSEGISandData/COVID-19/master/csse_covid_19_data/csse_covid_19_daily_reports/03-10-2020.csv","https://github.com/CSSEGISandData/COVID-19/tree/master/csse_covid_19_data/csse_covid_19_daily_reports03-10-2020.csv","2020-03-10T00:00:00Z","48","False","csse_covid_19_daily_reports"
"03-11-2020.csv","03-11-2020","https://raw.githubusercontent.com/CSSEGISandData/COVID-19/master/csse_covid_19_data/csse_covid_19_daily_reports/03-11-2020.csv","https://github.com/CSSEGISandData/COVID-19/tree/master/csse_covid_19_data/csse_covid_19_daily_reports03-11-2020.csv","2020-03-11T00:00:00Z","49","False","csse_covid_19_daily_reports"
"03-12-2020.csv","03-12-2020","https://raw.githubusercontent.com/CSSEGISandData/COVID-19/master/csse_covid_19_data/csse_covid_19_daily_reports/03-12-2020.csv","https://github.com/CSSEGISandData/COVID-19/tree/master/csse_covid_19_data/csse_covid_19_daily_reports03-12-2020.csv","2020-03-12T00:00:00Z","50","False","csse_covid_19_daily_reports"
"03-13-2020.csv","03-13-2020","https://raw.githubusercontent.com/CSSEGISandData/COVID-19/master/csse_covid_19_data/csse_covid_19_daily_reports/03-13-2020.csv","https://github.com/CSSEGISandData/COVID-19/tree/master/csse_covid_19_data/csse_covid_19_daily_reports03-13-2020.csv","2020-03-13T00:00:00Z","51","False","csse_covid_19_daily_reports"
"03-14-2020.csv","03-14-2020","https://raw.githubusercontent.com/CSSEGISandData/COVID-19/master/csse_covid_19_data/csse_covid_19_daily_reports/03-14-2020.csv","https://github.com/CSSEGISandData/COVID-19/tree/master/csse_covid_19_data/csse_covid_19_daily_reports03-14-2020.csv","2020-03-14T00:00:00Z","52","False","csse_covid_19_daily_reports"
"03-15-2020.csv","03-15-2020","https://raw.githubusercontent.com/CSSEGISandData/COVID-19/master/csse_covid_19_data/csse_covid_19_daily_reports/03-15-2020.csv","https://github.com/CSSEGISandData/COVID-19/tree/master/csse_covid_19_data/csse_covid_19_daily_reports03-15-2020.csv","2020-03-15T00:00:00Z","53","False","csse_covid_19_daily_reports"
"03-16-2020.csv","03-16-2020","https://raw.githubusercontent.com/CSSEGISandData/COVID-19/master/csse_covid_19_data/csse_covid_19_daily_reports/03-16-2020.csv","https://github.com/CSSEGISandData/COVID-19/tree/master/csse_covid_19_data/csse_covid_19_daily_reports03-16-2020.csv","2020-03-16T00:00:00Z","54","False","csse_covid_19_daily_reports"
"03-17-2020.csv","03-17-2020","https://raw.githubusercontent.com/CSSEGISandData/COVID-19/master/csse_covid_19_data/csse_covid_19_daily_reports/03-17-2020.csv","https://github.com/CSSEGISandData/COVID-19/tree/master/csse_covid_19_data/csse_covid_19_daily_reports03-17-2020.csv","2020-03-17T00:00:00Z","55","False","csse_covid_19_daily_reports"
"03-18-2020.csv","03-18-2020","https://raw.githubusercontent.com/CSSEGISandData/COVID-19/master/csse_covid_19_data/csse_covid_19_daily_reports/03-18-2020.csv","https://github.com/CSSEGISandData/COVID-19/tree/master/csse_covid_19_data/csse_covid_19_daily_reports03-18-2020.csv","2020-03-18T00:00:00Z","56","False","csse_covid_19_daily_reports"
"03-19-2020.csv","03-19-2020","https://raw.githubusercontent.com/CSSEGISandData/COVID-19/master/csse_covid_19_data/csse_covid_19_daily_reports/03-19-2020.csv","https://github.com/CSSEGISandData/COVID-19/tree/master/csse_covid_19_data/csse_covid_19_daily_reports03-19-2020.csv","2020-03-19T00:00:00Z","57","False","csse_covid_19_daily_reports"
"03-20-2020.csv","03-20-2020","https://raw.githubusercontent.com/CSSEGISandData/COVID-19/master/csse_covid_19_data/csse_covid_19_daily_reports/03-20-2020.csv","https://github.com/CSSEGISandData/COVID-19/tree/master/csse_covid_19_data/csse_covid_19_daily_reports03-20-2020.csv","2020-03-20T00:00:00Z","58","False","csse_covid_19_daily_reports"
"03-21-2020.csv","03-21-2020","https://raw.githubusercontent.com/CSSEGISandData/COVID-19/master/csse_covid_19_data/csse_covid_19_daily_reports/03-21-2020.csv","https://github.com/CSSEGISandData/COVID-19/tree/master/csse_covid_19_data/csse_covid_19_daily_reports03-21-2020.csv","2020-03-21T00:00:00Z","59","False","csse_covid_19_daily_reports"
"03-22-2020.csv","03-22-2020","https://raw.githubusercontent.com/CSSEGISandData/COVID-19/master/csse_covid_19_data/csse_covid_19_daily_reports/03-22-2020.csv","https://github.com/CSSEGISandData/COVID-19/tree/master/csse_covid_19_data/csse_covid_19_daily_reports03-22-2020.csv","2020-03-22T00:00:00Z","60","False","csse_covid_19_daily_reports"
"03-23-2020.csv","03-23-2020","https://raw.githubusercontent.com/CSSEGISandData/COVID-19/master/csse_covid_19_data/csse_covid_19_daily_reports/03-23-2020.csv","https://github.com/CSSEGISandData/COVID-19/tree/master/csse_covid_19_data/csse_covid_19_daily_reports03-23-2020.csv","2020-03-23T00:00:00Z","61","False","csse_covid_19_daily_reports"
"03-24-2020.csv","03-24-2020","https://raw.githubusercontent.com/CSSEGISandData/COVID-19/master/csse_covid_19_data/csse_covid_19_daily_reports/03-24-2020.csv","https://github.com/CSSEGISandData/COVID-19/tree/master/csse_covid_19_data/csse_covid_19_daily_reports03-24-2020.csv","2020-03-24T00:00:00Z","62","False","csse_covid_19_daily_reports"
"03-25-2020.csv","03-25-2020","https://raw.githubusercontent.com/CSSEGISandData/COVID-19/master/csse_covid_19_data/csse_covid_19_daily_reports/03-25-2020.csv","https://github.com/CSSEGISandData/COVID-19/tree/master/csse_covid_19_data/csse_covid_19_daily_reports03-25-2020.csv","2020-03-25T00:00:00Z","63","False","csse_covid_19_daily_reports"
"03-26-2020.csv","03-26-2020","https://raw.githubusercontent.com/CSSEGISandData/COVID-19/master/csse_covid_19_data/csse_covid_19_daily_reports/03-26-2020.csv","https://github.com/CSSEGISandData/COVID-19/tree/master/csse_covid_19_data/csse_covid_19_daily_reports03-26-2020.csv","2020-03-26T00:00:00Z","64","False","csse_covid_19_daily_reports"
"03-27-2020.csv","03-27-2020","https://raw.githubusercontent.com/CSSEGISandData/COVID-19/master/csse_covid_19_data/csse_covid_19_daily_reports/03-27-2020.csv","https://github.com/CSSEGISandData/COVID-19/tree/master/csse_covid_19_data/csse_covid_19_daily_reports03-27-2020.csv","2020-03-27T00:00:00Z","65","False","csse_covid_19_daily_reports"
"03-28-2020.csv","03-28-2020","https://raw.githubusercontent.com/CSSEGISandData/COVID-19/master/csse_covid_19_data/csse_covid_19_daily_reports/03-28-2020.csv","https://github.com/CSSEGISandData/COVID-19/tree/master/csse_covid_19_data/csse_covid_19_daily_reports03-28-2020.csv","2020-03-28T00:00:00Z","66","False","csse_covid_19_daily_reports"
"03-29-2020.csv","03-29-2020","https://raw.githubusercontent.com/CSSEGISandData/COVID-19/master/csse_covid_19_data/csse_covid_19_daily_reports/03-29-2020.csv","https://github.com/CSSEGISandData/COVID-19/tree/master/csse_covid_19_data/csse_covid_19_daily_reports03-29-2020.csv","2020-03-29T00:00:00Z","67","False","csse_covid_19_daily_reports"
"03-30-2020.csv","03-30-2020","https://raw.githubusercontent.com/CSSEGISandData/COVID-19/master/csse_covid_19_data/csse_covid_19_daily_reports/03-30-2020.csv","https://github.com/CSSEGISandData/COVID-19/tree/master/csse_covid_19_data/csse_covid_19_daily_reports03-30-2020.csv","2020-03-30T00:00:00Z","68","False","csse_covid_19_daily_reports"
"03-31-2020.csv","03-31-2020","https://raw.githubusercontent.com/CSSEGISandData/COVID-19/master/csse_covid_19_data/csse_covid_19_daily_reports/03-31-2020.csv","https://github.com/CSSEGISandData/COVID-19/tree/master/csse_covid_19_data/csse_covid_19_daily_reports03-31-2020.csv","2020-03-31T00:00:00Z","69","False","csse_covid_19_daily_reports"
"04-01-2020.csv","04-01-2020","https://raw.githubusercontent.com/CSSEGISandData/COVID-19/master/csse_covid_19_data/csse_covid_19_daily_reports/04-01-2020.csv","https://github.com/CSSEGISandData/COVID-19/tree/master/csse_covid_19_data/csse_covid_19_daily_reports04-01-2020.csv","2020-04-01T00:00:00Z","70","False","csse_covid_19_daily_reports"
"04-02-2020.csv","04-02-2020","https://raw.githubusercontent.com/CSSEGISandData/COVID-19/master/csse_covid_19_data/csse_covid_19_daily_reports/04-02-2020.csv","https://github.com/CSSEGISandData/COVID-19/tree/master/csse_covid_19_data/csse_covid_19_daily_reports04-02-2020.csv","2020-04-02T00:00:00Z","71","False","csse_covid_19_daily_reports"
"04-03-2020.csv","04-03-2020","https://raw.githubusercontent.com/CSSEGISandData/COVID-19/master/csse_covid_19_data/csse_covid_19_daily_reports/04-03-2020.csv","https://github.com/CSSEGISandData/COVID-19/tree/master/csse_covid_19_data/csse_covid_19_daily_reports04-03-2020.csv","2020-04-03T00:00:00Z","72","False","csse_covid_19_daily_reports"
"04-04-2020.csv","04-04-2020","https://raw.githubusercontent.com/CSSEGISandData/COVID-19/master/csse_covid_19_data/csse_covid_19_daily_reports/04-04-2020.csv","https://github.com/CSSEGISandData/COVID-19/tree/master/csse_covid_19_data/csse_covid_19_daily_reports04-04-2020.csv","2020-04-04T00:00:00Z","73","False","csse_covid_19_daily_reports"
"04-05-2020.csv","04-05-2020","https://raw.githubusercontent.com/CSSEGISandData/COVID-19/master/csse_covid_19_data/csse_covid_19_daily_reports/04-05-2020.csv","https://github.com/CSSEGISandData/COVID-19/tree/master/csse_covid_19_data/csse_covid_19_daily_reports04-05-2020.csv","2020-04-05T00:00:00Z","74","False","csse_covid_19_daily_reports"
"04-06-2020.csv","04-06-2020","https://raw.githubusercontent.com/CSSEGISandData/COVID-19/master/csse_covid_19_data/csse_covid_19_daily_reports/04-06-2020.csv","https://github.com/CSSEGISandData/COVID-19/tree/master/csse_covid_19_data/csse_covid_19_daily_reports04-06-2020.csv","2020-04-06T00:00:00Z","75","False","csse_covid_19_daily_reports"
"04-07-2020.csv","04-07-2020","https://raw.githubusercontent.com/CSSEGISandData/COVID-19/master/csse_covid_19_data/csse_covid_19_daily_reports/04-07-2020.csv","https://github.com/CSSEGISandData/COVID-19/tree/master/csse_covid_19_data/csse_covid_19_daily_reports04-07-2020.csv","2020-04-07T00:00:00Z","76","False","csse_covid_19_daily_reports"
"04-08-2020.csv","04-08-2020","https://raw.githubusercontent.com/CSSEGISandData/COVID-19/master/csse_covid_19_data/csse_covid_19_daily_reports/04-08-2020.csv","https://github.com/CSSEGISandData/COVID-19/tree/master/csse_covid_19_data/csse_covid_19_daily_reports04-08-2020.csv","2020-04-08T00:00:00Z","77","False","csse_covid_19_daily_reports"
"04-09-2020.csv","04-09-2020","https://raw.githubusercontent.com/CSSEGISandData/COVID-19/master/csse_covid_19_data/csse_covid_19_daily_reports/04-09-2020.csv","https://github.com/CSSEGISandData/COVID-19/tree/master/csse_covid_19_data/csse_covid_19_daily_reports04-09-2020.csv","2020-04-09T00:00:00Z","78","False","csse_covid_19_daily_reports"
"04-10-2020.csv","04-10-2020","https://raw.githubusercontent.com/CSSEGISandData/COVID-19/master/csse_covid_19_data/csse_covid_19_daily_reports/04-10-2020.csv","https://github.com/CSSEGISandData/COVID-19/tree/master/csse_covid_19_data/csse_covid_19_daily_reports04-10-2020.csv","2020-04-10T00:00:00Z","79","False","csse_covid_19_daily_reports"
